{"Initial_dataset_X":[[2.8981118,4.650085,4.282102,2.6829743,1.9036131,1.2608894,3.9659216,3.7068796,3.859992,3.8273385],[2.513859,4.4957724,3.0805886,2.6848996,2.140968,4.1955533,3.1506052,3.2790897,4.172718,1.442771],[2.0422633,3.3829014,1.8642424,3.4776964,1.2536339,4.3424325,2.264819,3.1298447,4.874752,3.3208132]],"options":{"use_physical_constraints":false,"stateReturn":false,"const_loss":null,"binary_operators":["+","-","*","/"],"npopulations":10,"loss":"L2DistLoss","niterations":10,"disagreement_measure":"IBMD","filename":"","unary_operators":["sin","cos","exp","log"]},"hall_of_fames":["x1\n(x1 - 0.16923505)\n(log(x1) / 0.3611117)\n(log(x1 / 0.9795024) / 0.36700886)\n((log(x1) / 0.35865235) + (-0.13288051 / x2))\n((x1 + cos(log(x3 / x1))) + -0.9505179)\n((x1 + cos(sin(x2 + sin(x1)))) + -0.9505179)\n((x1 + cos(log(x3 / (x1 * 1.1589179)))) + -0.9505179)\n(((x1 + cos(sin(x2 + sin(x1)))) + -0.017647004) + -0.9505179)\n(sin((((sin(exp(x2)) / sin(-1.1116259 + x1)) / x1) / x2) - 0.7668985) + (x1 + 0.56787974))\n(sin(sin(((sin(exp(x2)) / sin(-1.1116259 + x1)) / x1) / x1) - 0.7668985) + (x1 + 0.56787974))"],"Initial_dataset_y":[2.8276856,4.6253977,3.7654815,2.6827261,1.9501721,0.6852552,3.7253485,3.668759,3.8252327,3.589535],"proposed_points":{"var1":[1.0652746],"var2":[1.7305573],"var3":[4.3536887],"label":[0.7964436],"Status":["Accepted"]},"num_features":3}