Complexity,Loss,Equation
1,0.16458414,"x1"
3,0.09761921,"(x1 / 1.0835696)"
5,0.08566519,"(x1 - (0.6279002 / x3))"
6,0.058996793,"(x1 - (x1 / exp(x3)))"
7,0.056546155,"(x1 - ((x1 * 0.23492883) / x3))"
8,0.032099504,"(x1 - (0.53841716 / (sin(x1) + x3)))"
10,0.02965694,"(x1 - (cos(sin(x3)) / (sin(x1) + x3)))"
11,0.01081908,"(x1 - cos(cos(log(sin(x3 / x1))) / 0.6439548))"
13,0.007126276,"(x1 - (cos(cos(log(sin(x3 / x1))) / 0.6439548) * 1.1807642))"
